{
  "version": 1,
  "author": "Daniel Critchlow",
  "editor": "wokwi",
  "parts": [
    {
      "type": "wokwi-breadboard",
      "id": "bb1",
      "top": 65.4,
      "left": -427.6,
      "rotate": 270,
      "attrs": {}
    },
    {
      "type": "board-esp32-devkit-c-v4",
      "id": "esp",
      "top": 220.8,
      "left": 168.04,
      "attrs": { "builder": "esp-idf" }
    },
    {
      "type": "wokwi-potentiometer",
      "id": "pot1",
      "top": 222.8,
      "left": -145.3,
      "rotate": 270,
      "attrs": {}
    },
    {
      "type": "wokwi-speaker",
      "id": "speaker",
      "top": -150,
      "left": 50,
      "attrs": { "volume": "0.1" }
    },
    { "type": "chip-audio-amp", "id": "chip1", "top": -229.38, "left": -139.2, "attrs": {} },
    {
      "type": "wokwi-resistor",
      "id": "r1",
      "top": -138.7,
      "left": 123.75,
      "rotate": 90,
      "attrs": { "value": "10000" }
    },
    {
      "type": "wokwi-buzzer",
      "id": "bz1",
      "top": -362.4,
      "left": -65.4,
      "attrs": { "volume": "0.1" }
    }
  ],
  "connections": [
    [ "esp:TX", "$serialMonitor:RX", "", [] ],
    [ "esp:RX", "$serialMonitor:TX", "", [] ],
    [ "esp:3V3", "pot1:VCC", "red", [ "h0" ] ],
    [ "pot1:GND", "esp:GND.2", "black", [ "h230.4", "v-67.2", "h124.8" ] ],
    [ "chip1:VCC", "esp:5V", "red", [ "v-19.2", "h307.05" ] ],
    [ "chip1:GND", "esp:GND.2", "black", [ "h-9.6", "v-38.4", "h412.8" ] ],
    [ "esp:26", "r1:2", "green", [ "v-440.4", "h9.6" ] ],
    [ "r1:1", "chip1:IN", "green", [ "h-288", "v-19.2" ] ],
    [ "chip1:AGND", "esp:GND.2", "black", [] ],
    [ "chip1:Out+", "speaker:1", "purple", [] ],
    [ "chip1:Out-", "speaker:2", "purple", [] ],
    [ "pot1:SIG", "esp:34", "orange", [] ],
    [ "bz1:2", "chip1:Out+", "red", [ "v0", "h28.4", "v67.2" ] ],
    [ "bz1:1", "chip1:Out-", "black", [ "v9.6", "h28.8", "v48" ] ],
    [ "pot1:GND", "bb1:22b.g", "", [ "$bb" ] ],
    [ "pot1:SIG", "bb1:23b.g", "", [ "$bb" ] ],
    [ "pot1:VCC", "bb1:24b.g", "", [ "$bb" ] ]
  ],
  "dependencies": {}
}